{
    "job_name": "viscnet_c3d8_nh_n3",
    "stress_r2": 0.9999999993236008,
    "strain_r2": 0.6008065944230696,
    "stress_rmse": 1.4637093767299015e-05,
    "strain_rmse": 0.00809357982809959
}