{
    "job_name": "viscnet_cpe4rh_ogden_n2",
    "stress_r2": 0.9999997424533952,
    "strain_r2": -2284.2139784221795,
    "stress_rmse": 0.00028561520048558313,
    "strain_rmse": 0.33909956604661895
}