{
    "job_name": "viscnet_cax4h_vanwaals_bb_n3",
    "stress_r2": 0.9999999996857152,
    "strain_r2": -13.037027444089825,
    "stress_rmse": 9.977344815646765e-06,
    "strain_rmse": 0.020063696494909786
}