{
    "job_name": "viscnet_cax4_nh_n2",
    "stress_r2": 0.9999994750801977,
    "strain_r2": 0.7898516476690443,
    "stress_rmse": 0.00040775544360752164,
    "strain_rmse": 0.005129731556631697
}