{
    "job_name": "viscnet_cax4h_ogden_n2",
    "stress_r2": 0.9999999999437449,
    "strain_r2": -4821.965872962438,
    "stress_rmse": 4.221184342681986e-06,
    "strain_rmse": 0.3317453437983173
}