{
    "job_name": "viscnet_cpe4_nh_n2",
    "stress_r2": 0.9999999925181928,
    "strain_r2": 0.9933753747476942,
    "stress_rmse": 4.868067140680811e-05,
    "strain_rmse": 0.001017212786372801
}