{
    "job_name": "viscnet_cpe4h_ab_n2",
    "stress_r2": 0.9999998323105114,
    "strain_r2": -0.10726504373437984,
    "stress_rmse": 0.00023046570105773488,
    "strain_rmse": 0.007373088322977942
}