{
    "job_name": "viscnet_c3d8h_ab_n2",
    "stress_r2": 0.9999999999883771,
    "strain_r2": 0.9973536241972134,
    "stress_rmse": 1.918720218528109e-06,
    "strain_rmse": 0.00047303802414119073
}