{
    "job_name": "viscnet_c3d8r_nh_n2",
    "stress_r2": 0.9999999883096776,
    "strain_r2": 0.9986739562429878,
    "stress_rmse": 6.085083925839134e-05,
    "strain_rmse": 0.00046203731105223285
}