{
    "job_name": "viscnet_cax4rh_vanwaals_n2",
    "stress_r2": 0.9999998730397264,
    "strain_r2": 0.7814592600677162,
    "stress_rmse": 0.0002005336666738484,
    "strain_rmse": 0.002242853797041195
}