{
    "job_name": "viscnet_c3d8_nh_n2",
    "stress_r2": 0.9999999993236008,
    "strain_r2": 0.9986724485095217,
    "stress_rmse": 1.463709376762674e-05,
    "strain_rmse": 0.00046230031250007694
}