{
    "job_name": "viscnet_c3d8h_ogden_n2",
    "stress_r2": 0.999999999968082,
    "strain_r2": -1366.022363665692,
    "stress_rmse": 3.1795934049488296e-06,
    "strain_rmse": 0.3463131832596211
}