{
    "job_name": "viscnet_c3d8h_ab_bb_n3",
    "stress_r2": 0.9999999998615063,
    "strain_r2": 0.4147436733424813,
    "stress_rmse": 6.623207908729645e-06,
    "strain_rmse": 0.010880753158529839
}