{
    "job_name": "viscnet_cax4rh_ogden_n2",
    "stress_r2": 0.9999998919883465,
    "strain_r2": -4821.9691981763235,
    "stress_rmse": 0.00018496462311755536,
    "strain_rmse": 0.3317454059549517
}