{
    "job_name": "viscnet_cax4r_nh_n2",
    "stress_r2": 0.9999999897967602,
    "strain_r2": 0.7902656883238458,
    "stress_rmse": 5.6848937217168106e-05,
    "strain_rmse": 0.0051246619392149965
}