{
    "job_name": "viscnet_cpe4rh_ab_n2",
    "stress_r2": 0.9999997306550674,
    "strain_r2": -0.10701054173247027,
    "stress_rmse": 0.00029208402837891057,
    "strain_rmse": 0.0073722297925557095
}