{
    "job_name": "viscnet_cax4h_ab_n2",
    "stress_r2": 0.9999999994670613,
    "strain_r2": -8.37735948589001,
    "stress_rmse": 1.299247655193964e-05,
    "strain_rmse": 0.014545832261178686
}