{
    "job_name": "viscnet_cax4h_vanwaals_n2",
    "stress_r2": 0.9999999996857152,
    "strain_r2": 0.7819057297323002,
    "stress_rmse": 9.977344814804865e-06,
    "strain_rmse": 0.002240546345765292
}