{
    "job_name": "viscnet_cpe4_nh_bb_n2",
    "stress_r2": 0.9999999925181928,
    "strain_r2": 0.7501674699320806,
    "stress_rmse": 4.8680671406541226e-05,
    "strain_rmse": 0.007373612577367852
}