{
    "job_name": "viscnet_cpe4r_nh_n2",
    "stress_r2": 0.9999999974541075,
    "strain_r2": 0.993386355631006,
    "stress_rmse": 2.8397058320549215e-05,
    "strain_rmse": 0.0010163685364199407
}