{
    "job_name": "viscnet_c3d8h_ab_n3",
    "stress_r2": 0.9999999999883771,
    "strain_r2": 0.4197175697091957,
    "stress_rmse": 1.918720728317822e-06,
    "strain_rmse": 0.007090895281118484
}