{
    "job_name": "viscnet_c3d8rh_ogden_n2",
    "stress_r2": 0.9999999995239237,
    "strain_r2": -1366.0229757715617,
    "stress_rmse": 1.2279809005761847e-05,
    "strain_rmse": 0.3463132363041042
}