{
    "job_name": "viscnet_cax4rh_ab_n2",
    "stress_r2": 0.9999997645016662,
    "strain_r2": -8.376829956125496,
    "stress_rmse": 0.00027311610911457,
    "strain_rmse": 0.014545405952319486
}