{
    "job_name": "viscnet_c3d8rh_ab_n2",
    "stress_r2": 0.9999999997322071,
    "strain_r2": 0.9973539629186355,
    "stress_rmse": 9.209856691039497e-06,
    "strain_rmse": 0.00047300769688075715
}