{
    "job_name": "viscnet_c3d8h_ab_bb_n2",
    "stress_r2": 0.9999999999769787,
    "strain_r2": 0.7514031529941871,
    "stress_rmse": 2.700333563928507e-06,
    "strain_rmse": 0.005895970455068389
}