{
    "job_name": "viscnet_cpe4rh_ogden_n3",
    "stress_r2": 0.9999997424533952,
    "strain_r2": -2039.343228641094,
    "stress_rmse": 0.00028561520048473317,
    "strain_rmse": 0.3234783132876693
}