{
    "job_name": "viscnet_cax4h_vanwaals_bb_n2",
    "stress_r2": 0.9999999996857152,
    "strain_r2": 0.3105195555540996,
    "stress_rmse": 9.977344814824044e-06,
    "strain_rmse": 0.005146199635351279
}