{
    "job_name": "x_viscnet_cpe4r_nh_n2",
    "stress_r2": -3501.5704876786112,
    "strain_r2": -3586.1846557505846,
    "stress_rmse": 1.3934420580043603,
    "strain_rmse": 0.03121230878803571
}