{
    "job_name": "x_viscnet_c3d8_ab_n3",
    "stress_r2": -3540.775254146887,
    "strain_r2": -3526.159837840774,
    "stress_rmse": 1.3935137008713934,
    "strain_rmse": 0.03105633105788995
}