{
    "job_name": "x_viscnet_c3d8_ab_n2",
    "stress_r2": -3542.4184785480174,
    "strain_r2": -3526.704315580541,
    "stress_rmse": 1.3935166819442226,
    "strain_rmse": 0.031060845616764844
}