{
    "job_name": "x_viscnet_cax4r_ogden_n2",
    "stress_r2": -3577.9384139295635,
    "strain_r2": -303065.1804368775,
    "stress_rmse": 1.3935806828466983,
    "strain_rmse": 0.2530661053876249
}