{
    "job_name": "x_viscnet_c3d8_nh_n3",
    "stress_r2": -3620.838466782178,
    "strain_r2": -3612.6539752224,
    "stress_rmse": 1.3936566754136626,
    "strain_rmse": 0.031208866954057828
}