{
    "job_name": "x_viscnet_c3d8r_ab_n2",
    "stress_r2": -3590.944050359006,
    "strain_r2": -3578.5156973542753,
    "stress_rmse": 1.3936038294306625,
    "strain_rmse": 0.031062934746440927
}