{
    "job_name": "x_viscnet_cpe4r_vanwaals_n2",
    "stress_r2": -3537.3007152460664,
    "strain_r2": -619.4825972905091,
    "stress_rmse": 1.3935074632185456,
    "strain_rmse": 0.012979670304637585
}