{
    "job_name": "x_viscnet_c3d8_nh_n2",
    "stress_r2": -3616.9100385429156,
    "strain_r2": -3608.0647636414838,
    "stress_rmse": 1.3936497662410638,
    "strain_rmse": 0.03121317952008897
}