{
    "job_name": "x_viscnet_cpe4r_ogden_n2",
    "stress_r2": -3596.1269899824106,
    "strain_r2": -240873.58964338817,
    "stress_rmse": 1.3936130811897252,
    "strain_rmse": 0.25310088569334976
}