{
    "job_name": "x_viscnet_cax4r_ab_n2",
    "stress_r2": -3578.3640174160905,
    "strain_r2": -4428.266326025342,
    "stress_rmse": 1.3935814803815363,
    "strain_rmse": 0.031091977611878777
}