{
    "job_name": "x_viscnet_c3d8r_nh_n2",
    "stress_r2": -3503.50662012026,
    "strain_r2": -3484.7331325940104,
    "stress_rmse": 1.3934455474600778,
    "strain_rmse": 0.031208169438393142
}