{
    "job_name": "x_viscnet_cpe4r_ogden_n3",
    "stress_r2": -11147.061026004105,
    "strain_r2": -19488190.311752427,
    "stress_rmse": 1.399278878903997,
    "strain_rmse": 0.2528221668525937
}