{
    "job_name": "x_viscnet_cpe4r_ab_n2",
    "stress_r2": -3585.565397145199,
    "strain_r2": -3663.2415105142422,
    "stress_rmse": 1.3935943338617969,
    "strain_rmse": 0.03106625903752254
}