{
    "job_name": "x_viscnet_cax4r_nh_n2",
    "stress_r2": -3546.1992837896214,
    "strain_r2": -4514.853469321182,
    "stress_rmse": 1.3935236088389429,
    "strain_rmse": 0.0312437024911606
}