{
    "job_name": "x_viscnet_c3d8r_ogden_n2",
    "stress_r2": -3491.85244363602,
    "strain_r2": -226117.74272475074,
    "stress_rmse": 1.3934239590756976,
    "strain_rmse": 0.25311119101510493
}